initial_position_x,initial_position_y,destination_x,destination_y,mass
0.7442169912232828,-1.8758055246852319,-0.9607106229410487,1.0914506268130566,2.0
-0.375295298880971,-0.27700618925962495,-0.33646994981689016,-1.0025799082744742,1.0
0.25101832038505023,1.107594419655407,1.6314590654629475,1.357524757002503,1.0
0.01851020335843412,-1.9676773399500105,-1.4711433372014087,0.12794362203921406,3.0
0.3955204205059548,1.1913111562558427,0.07850996969119173,0.856640032402094,3.0
-0.5547958493792295,1.8095937445244568,1.9295166120492961,1.7396878196425414,1.0
