capacity,avg_velocity,initial_position_x,initial_position_y
1.0,0.5,-3.3088695205813092,-2.1177072242897825
1.0,0.5,-0.9813598671746586,3.416667187653763
1.0,0.5,3.6789849553508542,0.33056077431858455
1.0,0.5,3.7490470501838526,0.733431507546042
