capacity,avg_velocity,initial_position_x,initial_position_y
1.0,0.5,0.8463860236523377,0.10178712955862412
1.0,0.5,1.801954127628001,-1.5858888101408484
1.0,0.5,1.280913512127003,1.4680149909900706
